{"cameraMode":{"drawMode":0,"name":"Shaded","section":"Shading Mode"},"sceneLighting":true,"audioPlay":false,"sceneViewState":{"showFog":true,"showMaterialUpdate":false,"showSkybox":true,"showFlares":true,"showImageEffects":true,"showParticleSystems":true},"in2DMode":false,"pivot":{"x":-11.169580459594727,"y":1.71728515625,"z":-0.013295706361532212},"rotation":{"x":-0.4997002184391022,"y":-0.5002939105033875,"z":0.49820956587791445,"w":-0.5017944574356079},"size":2.072971820831299,"orthographic":true}