{"cameraMode":{"drawMode":0,"name":"Shaded","section":"Shading Mode"},"sceneLighting":true,"audioPlay":false,"sceneViewState":{"showFog":true,"showMaterialUpdate":false,"showSkybox":true,"showFlares":true,"showImageEffects":true,"showParticleSystems":true},"in2DMode":false,"pivot":{"x":4.385487079620361,"y":-4.177967071533203,"z":15.54229736328125},"rotation":{"x":0.27390024065971377,"y":-0.020190535113215448,"z":0.00576815428212285,"w":0.9615640640258789},"size":10.882246017456055,"orthographic":true}