{"cameraMode":{"drawMode":0,"name":"Shaded","section":"Shading Mode"},"sceneLighting":true,"audioPlay":false,"sceneViewState":{"showFog":true,"showMaterialUpdate":false,"showSkybox":true,"showFlares":true,"showImageEffects":true,"showParticleSystems":true},"in2DMode":false,"pivot":{"x":-11.674796104431153,"y":0.20238828659057618,"z":0.45185303688049319},"rotation":{"x":-0.13809625804424287,"y":-0.8617630004882813,"z":0.3365371823310852,"w":-0.3536214828491211},"size":2.0928778648376467,"orthographic":false}