{"cameraMode":{"drawMode":0,"name":"Shaded","section":"Shading Mode"},"sceneLighting":true,"audioPlay":false,"sceneViewState":{"showFog":true,"showMaterialUpdate":false,"showSkybox":true,"showFlares":true,"showImageEffects":true,"showParticleSystems":true},"in2DMode":false,"pivot":{"x":-0.9770239591598511,"y":-1.1209020614624024,"z":6.3522419929504398},"rotation":{"x":0.2576495409011841,"y":0.18271896243095399,"z":-0.04968438670039177,"w":0.9475230574607849},"size":2.2672953605651857,"orthographic":false}