{"cameraMode":{"drawMode":0,"name":"Shaded","section":"Shading Mode"},"sceneLighting":true,"audioPlay":false,"sceneViewState":{"showFog":true,"showMaterialUpdate":false,"showSkybox":true,"showFlares":true,"showImageEffects":true,"showParticleSystems":true},"in2DMode":false,"pivot":{"x":-11.169580459594727,"y":1.71728515625,"z":-0.013295706361532212},"rotation":{"x":-0.0817350223660469,"y":-0.6929507851600647,"z":0.07955585420131684,"w":-0.711911141872406},"size":2.0928778648376467,"orthographic":true}