{"cameraMode":{"drawMode":0,"name":"Shaded","section":"Shading Mode"},"sceneLighting":true,"audioPlay":false,"sceneViewState":{"showFog":true,"showMaterialUpdate":false,"showSkybox":true,"showFlares":true,"showImageEffects":true,"showParticleSystems":true},"in2DMode":false,"pivot":{"x":229.7728271484375,"y":-43.89884948730469,"z":313.5562438964844},"rotation":{"x":0.07685820758342743,"y":0.31165066361427309,"z":-0.025293748825788499,"w":0.9467716813087463},"size":211.0795135498047,"orthographic":false}