{"cameraMode":{"drawMode":0,"name":"Shaded","section":"Shading Mode"},"sceneLighting":true,"audioPlay":false,"sceneViewState":{"showFog":true,"showMaterialUpdate":false,"showSkybox":true,"showFlares":true,"showImageEffects":true,"showParticleSystems":true},"in2DMode":false,"pivot":{"x":37.741859436035159,"y":-47.69184875488281,"z":115.99435424804688},"rotation":{"x":0.19074241816997529,"y":0.17274370789527894,"z":-0.034117214381694797,"w":0.9657384157180786},"size":69.61275482177735,"orthographic":false}