{"cameraMode":{"drawMode":0,"name":"Shaded","section":"Shading Mode"},"sceneLighting":true,"audioPlay":false,"sceneViewState":{"showFog":true,"showMaterialUpdate":false,"showSkybox":true,"showFlares":true,"showImageEffects":true,"showParticleSystems":true},"in2DMode":false,"pivot":{"x":-11.419815063476563,"y":0.6756185293197632,"z":0.00813655462116003},"rotation":{"x":0.24518078565597535,"y":0.7137280702590942,"z":-0.5835886001586914,"w":0.2999376952648163},"size":1.7120461463928223,"orthographic":true}