{"cameraMode":{"drawMode":0,"name":"Shaded","section":"Shading Mode"},"sceneLighting":true,"audioPlay":false,"sceneViewState":{"showFog":true,"showMaterialUpdate":false,"showSkybox":true,"showFlares":true,"showImageEffects":true,"showParticleSystems":true},"in2DMode":false,"pivot":{"x":-11.301538467407227,"y":0.2668241560459137,"z":-0.17973490059375764},"rotation":{"x":0.1710910052061081,"y":0.787838339805603,"z":-0.5354092121124268,"w":0.2517552673816681},"size":1.7928779125213624,"orthographic":true}