{"cameraMode":{"drawMode":0,"name":"Shaded","section":"Shading Mode"},"sceneLighting":true,"audioPlay":false,"sceneViewState":{"showFog":true,"showMaterialUpdate":false,"showSkybox":true,"showFlares":true,"showImageEffects":true,"showParticleSystems":true},"in2DMode":false,"pivot":{"x":-8.10476303100586,"y":-15.389490127563477,"z":-4.0025129318237309},"rotation":{"x":0.2010422646999359,"y":0.7632068395614624,"z":-0.5460136532783508,"w":0.2810136079788208},"size":9.119662284851075,"orthographic":false}