{"cameraMode":{"drawMode":0,"name":"Shaded","section":"Shading Mode"},"sceneLighting":true,"audioPlay":false,"sceneViewState":{"showFog":true,"showMaterialUpdate":false,"showSkybox":true,"showFlares":true,"showImageEffects":true,"showParticleSystems":true},"in2DMode":false,"pivot":{"x":-11.193882942199707,"y":0.463481068611145,"z":-0.34907424449920657},"rotation":{"x":0.15657861530780793,"y":0.7271004319190979,"z":-0.6447046399116516,"w":0.1766439527273178},"size":1.7928779125213624,"orthographic":true}