{"cameraMode":{"drawMode":0,"name":"Shaded","section":"Shading Mode"},"sceneLighting":true,"audioPlay":false,"sceneViewState":{"showFog":true,"showMaterialUpdate":false,"showSkybox":true,"showFlares":true,"showImageEffects":true,"showParticleSystems":true},"in2DMode":false,"pivot":{"x":25.242931365966798,"y":-131.20166015625,"z":375.5382995605469},"rotation":{"x":0.18632006645202638,"y":0.029469674453139306,"z":-0.005591209977865219,"w":0.9820349812507629},"size":229.64352416992188,"orthographic":false}